sync_index,object_id,keypoint_id,x_coord,y_coord,z_coord,frame_time
780,0,19,-0.285940,-0.011838,1.729546,25.064679
780,0,23,-0.148803,-0.014686,1.723460,25.064679
810,0,18,-0.463622,-0.004825,1.363679,26.028705
815,0,11,-0.306042,-0.078355,1.341445,26.189376
815,0,17,-0.304888,-0.044189,1.339727,26.189376
820,0,3,-0.377739,-0.106935,1.292148,26.350047
820,0,4,-0.343754,-0.108429,1.294997,26.350047
820,0,5,-0.310485,-0.110529,1.298106,26.350047
820,0,10,-0.341890,-0.074389,1.293197,26.350047
820,0,11,-0.307921,-0.076360,1.297580,26.350047
820,0,12,-0.474654,-0.033250,1.282594,26.350047
820,0,16,-0.340019,-0.040328,1.293408,26.350047
820,0,17,-0.306041,-0.042230,1.297409,26.350047
820,0,21,-0.371446,-0.004873,1.289567,26.350047
820,0,22,-0.338019,-0.006698,1.293788,26.350047
820,0,23,-0.303904,-0.008658,1.295859,26.350047
835,0,0,-0.432246,-0.111821,1.166228,26.832060
835,0,1,-0.398849,-0.112933,1.167116,26.832060
835,0,2,-0.364822,-0.114166,1.168069,26.832060
835,0,3,-0.331203,-0.114750,1.170386,26.832060
835,0,4,-0.297094,-0.115683,1.171748,26.832060
835,0,5,-0.263077,-0.117162,1.174876,26.832060
835,0,6,-0.431324,-0.078084,1.164941,26.832060
835,0,7,-0.397196,-0.079307,1.165265,26.832060
835,0,8,-0.364237,-0.080113,1.166705,26.832060
835,0,9,-0.330134,-0.080743,1.167941,26.832060
835,0,10,-0.296192,-0.081926,1.169940,26.832060
835,0,11,-0.261919,-0.082984,1.171612,26.832060
835,0,12,-0.429988,-0.043964,1.163125,26.832060
835,0,17,-0.260986,-0.048934,1.170972,26.832060
835,0,18,-0.429328,-0.010330,1.161834,26.832060
835,0,23,-0.259552,-0.015187,1.169145,26.832060
840,0,0,-0.426800,-0.109826,1.155656,26.992731
840,0,1,-0.393365,-0.111170,1.157156,26.992731
840,0,2,-0.359497,-0.112054,1.160026,26.992731
840,0,3,-0.325812,-0.113261,1.161636,26.992731
840,0,4,-0.291666,-0.114191,1.164920,26.992731
840,0,5,-0.257914,-0.115430,1.166140,26.992731
840,0,6,-0.425974,-0.076272,1.153221,26.992731
840,0,7,-0.391709,-0.077284,1.156829,26.992731
840,0,8,-0.358418,-0.078431,1.157962,26.992731
840,0,9,-0.324086,-0.079476,1.161155,26.992731
840,0,10,-0.290891,-0.080794,1.162989,26.992731
840,0,11,-0.256505,-0.081572,1.165147,26.992731
840,0,12,-0.424284,-0.042024,1.154082,26.992731
840,0,13,-0.390777,-0.043227,1.155736,26.992731
840,0,14,-0.357053,-0.044218,1.158120,26.992731
840,0,15,-0.323028,-0.045500,1.159936,26.992731
840,0,16,-0.289226,-0.046245,1.162625,26.992731
840,0,17,-0.255228,-0.047578,1.164251,26.992731
840,0,18,-0.423009,-0.008051,1.153594,26.992731
840,0,19,-0.389094,-0.009509,1.155707,26.992731
840,0,20,-0.355719,-0.010772,1.157624,26.992731
840,0,21,-0.321573,-0.011539,1.159952,26.992731
840,0,22,-0.287838,-0.012660,1.161437,26.992731
840,0,23,-0.253926,-0.013751,1.163621,26.992731
845,0,4,-0.294853,-0.113708,1.166470,27.153402
845,0,5,-0.261125,-0.114553,1.169477,27.153402
845,0,9,-0.327594,-0.078658,1.162686,27.153402
845,0,15,-0.326408,-0.044951,1.161943,27.153402
845,0,18,-0.426361,-0.008018,1.151661,27.153402
845,0,21,-0.325329,-0.010850,1.160506,27.153402
845,0,22,-0.291484,-0.012108,1.163545,27.153402
845,0,23,-0.257641,-0.013029,1.166454,27.153402
850,0,1,-0.401185,-0.107839,1.168147,27.314073
850,0,2,-0.367636,-0.108682,1.172373,27.314073
850,0,3,-0.333930,-0.109913,1.176352,27.314073
850,0,4,-0.300483,-0.110510,1.180001,27.314073
850,0,5,-0.266478,-0.112137,1.184352,27.314073
850,0,7,-0.399723,-0.073993,1.166868,27.314073
850,0,8,-0.366215,-0.075025,1.170818,27.314073
850,0,9,-0.332362,-0.076084,1.175520,27.314073
850,0,10,-0.298737,-0.076998,1.178778,27.314073
850,0,11,-0.264902,-0.078318,1.182689,27.314073
850,0,12,-0.431927,-0.038671,1.162678,27.314073
850,0,13,-0.398572,-0.040172,1.165738,27.314073
850,0,14,-0.364665,-0.041432,1.170205,27.314073
850,0,15,-0.331157,-0.042126,1.172961,27.314073
850,0,16,-0.297429,-0.043053,1.177978,27.314073
850,0,17,-0.263875,-0.044259,1.181909,27.314073
850,0,20,-0.363965,-0.007696,1.169005,27.314073
850,0,21,-0.329635,-0.008376,1.172910,27.314073
850,0,22,-0.296365,-0.009501,1.176528,27.314073
850,0,23,-0.262259,-0.010510,1.180575,27.314073
855,0,0,-0.436716,-0.099386,1.175704,27.474744
855,0,1,-0.403511,-0.100955,1.179779,27.474744
855,0,2,-0.370032,-0.102534,1.184266,27.474744
855,0,3,-0.336279,-0.103999,1.189068,27.474744
855,0,4,-0.303040,-0.105158,1.193995,27.474744
855,0,5,-0.269343,-0.107343,1.198481,27.474744
855,0,6,-0.435021,-0.065508,1.174697,27.474744
855,0,7,-0.401457,-0.067426,1.180048,27.474744
855,0,8,-0.368182,-0.068652,1.183923,27.474744
855,0,9,-0.334492,-0.070364,1.188369,27.474744
855,0,10,-0.301196,-0.071839,1.192462,27.474744
855,0,11,-0.267472,-0.073177,1.198130,27.474744
855,0,12,-0.433273,-0.031848,1.174889,27.474744
855,0,13,-0.399921,-0.033457,1.178511,27.474744
855,0,15,-0.333030,-0.036450,1.187974,27.474744
855,0,16,-0.299219,-0.037918,1.192968,27.474744
855,0,18,-0.432236,0.001490,1.173126,27.474744
855,0,19,-0.398612,0.000879,1.179348,27.474744
855,0,20,-0.364955,-0.001264,1.183474,27.474744
855,0,21,-0.331202,-0.002603,1.188420,27.474744
855,0,22,-0.297811,-0.004387,1.192571,27.474744
860,0,2,-0.360367,-0.105550,1.195728,27.635415
860,0,3,-0.327140,-0.106689,1.201509,27.635415
860,0,4,-0.293319,-0.108078,1.206737,27.635415
860,0,5,-0.259456,-0.109810,1.207732,27.635415
860,0,8,-0.358909,-0.071610,1.195026,27.635415
860,0,9,-0.325029,-0.073188,1.200743,27.635415
860,0,10,-0.291720,-0.074182,1.205515,27.635415
860,0,11,-0.257524,-0.076004,1.211836,27.635415
860,0,14,-0.356994,-0.037788,1.195576,27.635415
860,0,15,-0.323476,-0.038942,1.199500,27.635415
860,0,16,-0.289839,-0.040559,1.205270,27.635415
860,0,17,-0.256479,-0.041545,1.209512,27.635415
860,0,18,-0.422617,-0.001482,1.183986,27.635415
860,0,19,-0.388898,-0.002588,1.189501,27.635415
860,0,20,-0.355487,-0.003984,1.194560,27.635415
860,0,21,-0.321869,-0.005095,1.199291,27.635415
860,0,22,-0.288623,-0.006712,1.206409,27.635415
860,0,23,-0.254375,-0.008296,1.208803,27.635415
865,0,2,-0.341477,-0.106397,1.202806,27.796086
865,0,3,-0.308000,-0.107568,1.208855,27.796086
865,0,4,-0.274018,-0.109140,1.214553,27.796086
865,0,5,-0.241139,-0.110330,1.219553,27.796086
865,0,8,-0.339518,-0.072369,1.202103,27.796086
865,0,9,-0.305963,-0.073926,1.207977,27.796086
865,0,10,-0.272659,-0.074986,1.211189,27.796086
865,0,11,-0.239119,-0.076271,1.217562,27.796086
865,0,15,-0.304397,-0.039813,1.206622,27.796086
865,0,16,-0.270781,-0.041184,1.211871,27.796086
865,0,17,-0.237243,-0.042525,1.217566,27.796086
865,0,21,-0.302565,-0.006099,1.205506,27.796086
865,0,22,-0.269345,-0.007585,1.211205,27.796086
865,0,23,-0.235572,-0.008630,1.214932,27.796086
880,0,2,-0.245187,-0.111361,1.221415,28.278099
880,0,3,-0.211500,-0.111415,1.223906,28.278099
880,0,4,-0.177425,-0.111653,1.224799,28.278099
880,0,5,-0.144252,-0.112010,1.227391,28.278099
880,0,6,-0.312182,-0.076464,1.214412,28.278099
880,0,7,-0.278360,-0.077307,1.217435,28.278099
880,0,8,-0.244737,-0.077321,1.219155,28.278099
880,0,9,-0.210731,-0.077576,1.221021,28.278099
880,0,10,-0.177273,-0.078094,1.223542,28.278099
880,0,11,-0.142952,-0.077955,1.225671,28.278099
880,0,12,-0.312238,-0.042851,1.211167,28.278099
880,0,13,-0.277944,-0.043177,1.215239,28.278099
880,0,14,-0.244081,-0.043375,1.217222,28.278099
880,0,15,-0.210208,-0.043578,1.219410,28.278099
880,0,16,-0.176408,-0.043756,1.220912,28.278099
880,0,18,-0.311723,-0.009548,1.210016,28.278099
880,0,19,-0.277552,-0.009327,1.212067,28.278099
880,0,20,-0.243804,-0.009728,1.213901,28.278099
880,0,21,-0.209715,-0.009755,1.216881,28.278099
880,0,22,-0.176504,-0.010391,1.218505,28.278099
965,0,0,-0.254822,-0.094794,1.253806,31.009507
965,0,1,-0.221292,-0.098222,1.247144,31.009507
965,0,2,-0.188311,-0.100755,1.239547,31.009507
965,0,3,-0.155259,-0.103937,1.232250,31.009507
965,0,4,-0.121773,-0.106754,1.225440,31.009507
965,0,5,-0.089130,-0.109632,1.218056,31.009507
965,0,6,-0.251881,-0.061474,1.251222,31.009507
965,0,7,-0.218488,-0.064488,1.244509,31.009507
965,0,8,-0.185104,-0.067153,1.238759,31.009507
965,0,9,-0.152677,-0.069915,1.230144,31.009507
965,0,10,-0.119524,-0.073209,1.223679,31.009507
965,0,11,-0.085883,-0.076112,1.216835,31.009507
965,0,12,-0.249124,-0.027501,1.249442,31.009507
965,0,13,-0.215843,-0.030551,1.243407,31.009507
965,0,15,-0.149494,-0.036323,1.228388,31.009507
965,0,16,-0.116657,-0.039182,1.221269,31.009507
965,0,17,-0.083724,-0.042143,1.213681,31.009507
965,0,20,-0.180424,-0.000240,1.233764,31.009507
965,0,21,-0.147156,-0.002627,1.225826,31.009507
965,0,22,-0.113769,-0.005642,1.220881,31.009507
965,0,23,-0.081142,-0.008269,1.211946,31.009507
970,0,2,-0.177972,-0.100852,1.240133,31.170178
970,0,5,-0.078572,-0.106758,1.219374,31.170178
970,0,6,-0.242875,-0.062885,1.249680,31.170178
970,0,7,-0.209323,-0.065431,1.244242,31.170178
970,0,8,-0.176187,-0.067045,1.237711,31.170178
970,0,11,-0.076636,-0.073366,1.217522,31.170178
970,0,12,-0.239963,-0.029049,1.250836,31.170178
970,0,15,-0.141258,-0.035441,1.229602,31.170178
970,0,16,-0.107914,-0.037255,1.222537,31.170178
970,0,17,-0.074956,-0.039183,1.215403,31.170178
970,0,18,-0.239032,0.004557,1.247185,31.170178
970,0,21,-0.139043,-0.001694,1.227374,31.170178
975,0,0,-0.232762,-0.095697,1.255508,31.330849
975,0,1,-0.198802,-0.097376,1.249351,31.330849
975,0,2,-0.164975,-0.098541,1.245178,31.330849
975,0,3,-0.131541,-0.099773,1.238346,31.330849
975,0,4,-0.098326,-0.100641,1.231591,31.330849
975,0,5,-0.064856,-0.102617,1.226742,31.330849
975,0,6,-0.230841,-0.062326,1.254960,31.330849
975,0,7,-0.197343,-0.063874,1.248403,31.330849
975,0,8,-0.164100,-0.064868,1.242261,31.330849
975,0,10,-0.096886,-0.066978,1.230371,31.330849
975,0,11,-0.063588,-0.068362,1.224210,31.330849
975,0,13,-0.196350,-0.029620,1.247106,31.330849
975,0,14,-0.162622,-0.031056,1.241065,31.330849
975,0,15,-0.129320,-0.031958,1.234674,31.330849
975,0,16,-0.095911,-0.032941,1.228960,31.330849
975,0,17,-0.062620,-0.034297,1.221875,31.330849
975,0,18,-0.228584,0.005489,1.251871,31.330849
975,0,19,-0.194857,0.004188,1.246280,31.330849
975,0,20,-0.161778,0.002738,1.240768,31.330849
975,0,21,-0.128283,0.001945,1.233326,31.330849
975,0,22,-0.094895,0.000741,1.227351,31.330849
975,0,23,-0.061680,-0.000693,1.219534,31.330849
980,0,1,-0.187937,-0.092040,1.241096,31.491520
980,0,2,-0.154526,-0.092834,1.235007,31.491520
980,0,3,-0.121476,-0.093980,1.227782,31.491520
980,0,4,-0.088004,-0.094561,1.221494,31.491520
980,0,5,-0.054761,-0.095738,1.215513,31.491520
980,0,7,-0.187001,-0.058265,1.239436,31.491520
980,0,8,-0.153394,-0.059032,1.234268,31.491520
980,0,9,-0.120193,-0.059958,1.227049,31.491520
980,0,10,-0.087260,-0.061060,1.220517,31.491520
980,0,11,-0.053599,-0.061885,1.214152,31.491520
980,0,12,-0.219890,-0.023266,1.243523,31.491520
980,0,13,-0.186287,-0.024566,1.238584,31.491520
980,0,14,-0.152549,-0.025353,1.232908,31.491520
980,0,15,-0.119490,-0.026110,1.225718,31.491520
980,0,16,-0.086193,-0.027011,1.219274,31.491520
980,0,17,-0.052834,-0.027622,1.213542,31.491520
980,0,18,-0.219004,0.010043,1.243805,31.491520
980,0,19,-0.185207,0.009405,1.238161,31.491520
980,0,20,-0.152161,0.008597,1.230356,31.491520
980,0,21,-0.118466,0.007708,1.225358,31.491520
980,0,22,-0.085685,0.006645,1.217774,31.491520
980,0,23,-0.052364,0.006106,1.211420,31.491520
985,0,0,-0.214497,-0.089949,1.246404,31.652191
985,0,1,-0.180713,-0.090945,1.241126,31.652191
985,0,2,-0.147352,-0.091236,1.234678,31.652191
985,0,5,-0.047336,-0.092598,1.216087,31.652191
985,0,8,-0.146473,-0.057362,1.234131,31.652191
985,0,11,-0.046567,-0.059216,1.214972,31.652191
985,0,14,-0.145994,-0.023685,1.233597,31.652191
985,0,15,-0.113023,-0.024282,1.225857,31.652191
985,0,16,-0.079433,-0.024611,1.220290,31.652191
985,0,17,-0.046159,-0.025071,1.213555,31.652191
985,0,20,-0.146172,0.009795,1.230889,31.652191
985,0,21,-0.112280,0.009410,1.224484,31.652191
985,0,22,-0.079180,0.009379,1.218307,31.652191
985,0,23,-0.045838,0.008733,1.211939,31.652191
990,0,0,-0.211191,-0.088063,1.246154,31.812862
990,0,1,-0.177604,-0.088507,1.240399,31.812862
990,0,4,-0.077469,-0.089774,1.221997,31.812862
990,0,5,-0.043761,-0.090292,1.217753,31.812862
990,0,6,-0.210574,-0.053978,1.245152,31.812862
990,0,7,-0.177101,-0.054889,1.239231,31.812862
990,0,8,-0.143797,-0.054948,1.232905,31.812862
990,0,9,-0.110045,-0.055852,1.227851,31.812862
990,0,10,-0.077294,-0.056440,1.222138,31.812862
990,0,11,-0.043755,-0.056603,1.215587,31.812862
990,0,12,-0.210248,-0.020274,1.243735,31.812862
990,0,13,-0.176967,-0.020847,1.237773,31.812862
990,0,14,-0.142911,-0.021563,1.233686,31.812862
990,0,15,-0.110041,-0.021658,1.226077,31.812862
990,0,16,-0.076884,-0.022057,1.219978,31.812862
990,0,17,-0.043655,-0.022707,1.214003,31.812862
990,0,18,-0.210562,0.013122,1.242060,31.812862
990,0,19,-0.176399,0.013099,1.237261,31.812862
990,0,20,-0.143128,0.012463,1.231229,31.812862
990,0,21,-0.109640,0.012120,1.225137,31.812862
990,0,22,-0.076227,0.011836,1.219259,31.812862
990,0,23,-0.042954,0.011224,1.213506,31.812862
995,0,0,-0.210395,-0.091110,1.247766,31.973533
995,0,1,-0.176548,-0.091937,1.241244,31.973533
995,0,2,-0.142883,-0.092243,1.235573,31.973533
995,0,3,-0.109334,-0.092444,1.230482,31.973533
995,0,4,-0.075968,-0.092598,1.224604,31.973533
995,0,5,-0.042537,-0.093266,1.219899,31.973533
995,0,6,-0.209873,-0.057614,1.245812,31.973533
995,0,7,-0.176078,-0.058121,1.240172,31.973533
995,0,8,-0.142328,-0.058241,1.235353,31.973533
995,0,9,-0.109074,-0.058524,1.230097,31.973533
995,0,10,-0.075912,-0.059342,1.224346,31.973533
995,0,11,-0.042109,-0.059514,1.217824,31.973533
995,0,12,-0.209709,-0.023381,1.243323,31.973533
995,0,13,-0.175786,-0.024287,1.239372,31.973533
995,0,14,-0.142234,-0.024633,1.233891,31.973533
995,0,15,-0.108813,-0.024715,1.228013,31.973533
995,0,16,-0.075574,-0.025169,1.222399,31.973533
995,0,17,-0.042310,-0.025517,1.216710,31.973533
995,0,18,-0.209349,0.009855,1.243114,31.973533
995,0,19,-0.175436,0.009624,1.238835,31.973533
995,0,20,-0.142397,0.008891,1.232588,31.973533
995,0,21,-0.108577,0.008868,1.226869,31.973533
995,0,22,-0.075488,0.008550,1.221014,31.973533
995,0,23,-0.041698,0.007971,1.214834,31.973533
1000,0,0,-0.213662,-0.093891,1.251278,32.134204
1000,0,1,-0.179816,-0.094340,1.246749,32.134204
1000,0,2,-0.145967,-0.094716,1.241919,32.134204
1000,0,3,-0.112421,-0.094353,1.236878,32.134204
1000,0,4,-0.079060,-0.094667,1.232339,32.134204
1000,0,5,-0.045442,-0.095493,1.228356,32.134204
1000,0,6,-0.213231,-0.059898,1.250403,32.134204
1000,0,7,-0.179429,-0.060628,1.245352,32.134204
1000,0,8,-0.145962,-0.060861,1.241626,32.134204
1000,0,9,-0.112429,-0.060730,1.236566,32.134204
1000,0,10,-0.078901,-0.061150,1.230967,32.134204
1000,0,11,-0.044836,-0.061657,1.226273,32.134204
1000,0,12,-0.213403,-0.026079,1.248576,32.134204
1000,0,13,-0.179614,-0.026592,1.244198,32.134204
1000,0,14,-0.145370,-0.027043,1.240241,32.134204
1000,0,15,-0.112361,-0.027086,1.234440,32.134204
1000,0,16,-0.078618,-0.027252,1.229829,32.134204
1000,0,17,-0.045252,-0.027324,1.224745,32.134204
1000,0,18,-0.213144,0.007214,1.248367,32.134204
1000,0,19,-0.179230,0.007319,1.242936,32.134204
1000,0,20,-0.145576,0.007091,1.238913,32.134204
1000,0,21,-0.112367,0.006935,1.232570,32.134204
1000,0,22,-0.078940,0.006519,1.228363,32.134204
1000,0,23,-0.045098,0.006521,1.223348,32.134204
1005,0,0,-0.220032,-0.093984,1.258928,32.294875
1005,0,1,-0.185967,-0.094125,1.255843,32.294875
1005,0,2,-0.152124,-0.094187,1.252003,32.294875
1005,0,3,-0.118436,-0.094184,1.248163,32.294875
1005,0,4,-0.084558,-0.094312,1.243702,32.294875
1005,0,5,-0.051086,-0.094296,1.239790,32.294875
1005,0,6,-0.219775,-0.060240,1.258117,32.294875
1005,0,7,-0.185978,-0.060462,1.254214,32.294875
1005,0,8,-0.152216,-0.060221,1.250608,32.294875
1005,0,9,-0.118637,-0.060267,1.246558,32.294875
1005,0,10,-0.084836,-0.060303,1.242401,32.294875
1005,0,11,-0.051228,-0.060425,1.237717,32.294875
1005,0,12,-0.220202,-0.026251,1.256698,32.294875
1005,0,13,-0.186308,-0.026595,1.252906,32.294875
1005,0,14,-0.152357,-0.026309,1.250222,32.294875
1005,0,15,-0.118766,-0.026428,1.245238,32.294875
1005,0,16,-0.085081,-0.026442,1.240763,32.294875
1005,0,17,-0.051481,-0.026579,1.236938,32.294875
1005,0,18,-0.220187,0.007060,1.256294,32.294875
1005,0,19,-0.186106,0.007453,1.252698,32.294875
1005,0,20,-0.152685,0.007224,1.247608,32.294875
1005,0,21,-0.118891,0.007663,1.243845,32.294875
1005,0,22,-0.085303,0.007252,1.239853,32.294875
1005,0,23,-0.051362,0.007216,1.235323,32.294875
1010,0,0,-0.225645,-0.094747,1.273835,32.455546
1010,0,1,-0.191383,-0.094930,1.271082,32.455546
1010,0,2,-0.157866,-0.094192,1.266215,32.455546
1010,0,3,-0.123869,-0.094224,1.263137,32.455546
1010,0,4,-0.090154,-0.093979,1.257127,32.455546
1010,0,5,-0.057031,-0.094022,1.254195,32.455546
1010,0,6,-0.225389,-0.060978,1.273986,32.455546
1010,0,7,-0.191907,-0.060891,1.268643,32.455546
1010,0,10,-0.091036,-0.059827,1.256086,32.455546
1010,0,11,-0.056977,-0.059756,1.251717,32.455546
1010,0,12,-0.226433,-0.027120,1.270968,32.455546
1010,0,13,-0.192401,-0.027213,1.267673,32.455546
1010,0,16,-0.091136,-0.025961,1.255283,32.455546
1010,0,17,-0.057587,-0.025726,1.250703,32.455546
1010,0,18,-0.226553,0.006449,1.270169,32.455546
1010,0,19,-0.192605,0.006723,1.266027,32.455546
1010,0,20,-0.159027,0.006928,1.262440,32.455546
1010,0,21,-0.125185,0.007462,1.257891,32.455546
1010,0,22,-0.091593,0.007738,1.253664,32.455546
1010,0,23,-0.057631,0.007857,1.249398,32.455546
1015,0,0,-0.233935,-0.092762,1.287902,32.616217
1015,0,1,-0.199880,-0.093166,1.284592,32.616217
1015,0,2,-0.165964,-0.092523,1.281388,32.616217
1015,0,6,-0.233442,-0.059279,1.287172,32.616217
1015,0,7,-0.199649,-0.059279,1.282517,32.616217
1015,0,12,-0.233957,-0.025145,1.285076,32.616217
1015,0,13,-0.200211,-0.025148,1.280594,32.616217
1015,0,16,-0.098624,-0.024691,1.270277,32.616217
1015,0,17,-0.064844,-0.024409,1.267017,32.616217
1015,0,18,-0.234050,0.008579,1.283466,32.616217
1015,0,19,-0.200274,0.008592,1.280222,32.616217
1015,0,20,-0.167007,0.008196,1.276934,32.616217
1015,0,21,-0.132917,0.008868,1.272645,32.616217
1015,0,22,-0.099556,0.008861,1.268604,32.616217
1015,0,23,-0.065142,0.009128,1.264582,32.616217
1020,0,0,-0.247235,-0.087141,1.301276,32.776888
1020,0,3,-0.144920,-0.088587,1.293816,32.776888
1020,0,4,-0.110960,-0.089271,1.290477,32.776888
1020,0,5,-0.077298,-0.089288,1.287839,32.776888
1020,0,6,-0.245988,-0.053426,1.300362,32.776888
1020,0,9,-0.144835,-0.054658,1.292775,32.776888
1020,0,10,-0.110939,-0.055423,1.290134,32.776888
1020,0,11,-0.076562,-0.055859,1.286812,32.776888
1020,0,12,-0.246568,-0.019185,1.298860,32.776888
1020,0,13,-0.212039,-0.020104,1.296041,32.776888
1020,0,14,-0.177881,-0.020775,1.294013,32.776888
1020,0,15,-0.144119,-0.020726,1.291725,32.776888
1020,0,16,-0.110533,-0.021299,1.287742,32.776888
1020,0,18,-0.245705,0.014091,1.297097,32.776888
1020,0,19,-0.211719,0.013776,1.294569,32.776888
1020,0,20,-0.178178,0.013081,1.292217,32.776888
1020,0,21,-0.144065,0.013121,1.289408,32.776888
1020,0,22,-0.110420,0.012291,1.287665,32.776888
1025,0,0,-0.254645,-0.084471,1.320883,32.937559
1025,0,1,-0.220783,-0.085440,1.319724,32.937559
1025,0,2,-0.186786,-0.085403,1.317228,32.937559
1025,0,3,-0.152759,-0.086504,1.315810,32.937559
1025,0,4,-0.118539,-0.086746,1.313671,32.937559
1025,0,5,-0.085036,-0.087296,1.309688,32.937559
1025,0,6,-0.253724,-0.050534,1.319598,32.937559
1025,0,7,-0.220017,-0.051292,1.319189,32.937559
1025,0,10,-0.117931,-0.052548,1.311792,32.937559
1025,0,11,-0.084264,-0.053447,1.309451,32.937559
1025,0,12,-0.253325,-0.016602,1.320180,32.937559
1025,0,13,-0.219407,-0.017343,1.317788,32.937559
1025,0,16,-0.117545,-0.018773,1.311420,32.937559
1025,0,17,-0.083967,-0.019290,1.308382,32.937559
1025,0,18,-0.252985,0.016906,1.320336,32.937559
1025,0,19,-0.218811,0.016755,1.317258,32.937559
1025,0,20,-0.185331,0.015347,1.315489,32.937559
1025,0,21,-0.150721,0.015524,1.313209,32.937559
1025,0,22,-0.117168,0.015003,1.310732,32.937559
1025,0,23,-0.083239,0.014362,1.307483,32.937559
1030,0,0,-0.256118,-0.081819,1.339514,33.098230
1030,0,3,-0.153478,-0.084011,1.337826,33.098230
1030,0,4,-0.119564,-0.084723,1.336483,33.098230
1030,0,5,-0.085545,-0.085316,1.336347,33.098230
1030,0,6,-0.254675,-0.048379,1.338501,33.098230
1030,0,9,-0.152849,-0.050187,1.336284,33.098230
1030,0,10,-0.118827,-0.050965,1.336193,33.098230
1030,0,11,-0.084510,-0.051902,1.334315,33.098230
1030,0,13,-0.220287,-0.015249,1.337393,33.098230
1030,0,14,-0.186463,-0.015708,1.335678,33.098230
1030,0,15,-0.152217,-0.016393,1.335595,33.098230
1030,0,16,-0.118108,-0.016900,1.335190,33.098230
1030,0,17,-0.084269,-0.017445,1.334222,33.098230
1030,0,19,-0.219412,0.018793,1.337173,33.098230
1030,0,20,-0.185864,0.017502,1.336534,33.098230
1030,0,21,-0.151283,0.017471,1.335039,33.098230
1030,0,22,-0.117518,0.016726,1.335599,33.098230
1030,0,23,-0.083272,0.015750,1.332102,33.098230
1035,0,0,-0.247435,-0.085086,1.360270,33.258901
1035,0,1,-0.212997,-0.086371,1.360542,33.258901
1035,0,5,-0.076732,-0.089934,1.362414,33.258901
1035,0,11,-0.075839,-0.056498,1.359433,33.258901
1035,0,16,-0.108916,-0.021153,1.358520,33.258901
1035,0,17,-0.074901,-0.022235,1.358512,33.258901
1035,0,18,-0.243987,0.016142,1.355770,33.258901
1035,0,19,-0.209654,0.015334,1.356301,33.258901
1035,0,22,-0.108632,0.011903,1.356599,33.258901
1035,0,23,-0.073995,0.011288,1.355779,33.258901
1040,0,2,-0.168230,-0.089501,1.386717,33.419572
1040,0,3,-0.134037,-0.091144,1.385981,33.419572
1040,0,4,-0.100044,-0.092963,1.387193,33.419572
1040,0,5,-0.065750,-0.094192,1.388143,33.419572
1040,0,6,-0.234286,-0.052605,1.382167,33.419572
1040,0,7,-0.199913,-0.054760,1.382423,33.419572
1040,0,8,-0.166088,-0.055604,1.383789,33.419572
1040,0,9,-0.132371,-0.057572,1.383128,33.419572
1040,0,10,-0.098580,-0.059179,1.385120,33.419572
1040,0,11,-0.064386,-0.061024,1.384403,33.419572
1040,0,12,-0.233013,-0.018277,1.380655,33.419572
1040,0,13,-0.198684,-0.020399,1.380436,33.419572
1040,0,14,-0.164677,-0.021901,1.380883,33.419572
1040,0,15,-0.130711,-0.023547,1.381637,33.419572
1040,0,16,-0.096831,-0.025146,1.381655,33.419572
1040,0,17,-0.062848,-0.026786,1.382933,33.419572
1040,0,18,-0.230770,0.015151,1.380065,33.419572
1040,0,19,-0.196821,0.013528,1.378511,33.419572
1040,0,20,-0.163317,0.011310,1.379035,33.419572
1040,0,21,-0.128630,0.010231,1.379531,33.419572
1040,0,22,-0.095447,0.008262,1.379844,33.419572
1040,0,23,-0.061084,0.006620,1.378838,33.419572
1045,0,0,-0.231335,-0.085048,1.408758,33.580243
1045,0,3,-0.128738,-0.090895,1.413114,33.580243
1045,0,4,-0.094828,-0.092861,1.414399,33.580243
1045,0,5,-0.061114,-0.094779,1.414138,33.580243
1045,0,6,-0.228763,-0.051285,1.407377,33.580243
1045,0,9,-0.126527,-0.057458,1.410237,33.580243
1045,0,10,-0.092962,-0.059048,1.411655,33.580243
1045,0,11,-0.058990,-0.061301,1.410551,33.580243
1045,0,15,-0.125075,-0.023364,1.406810,33.580243
1045,0,16,-0.091297,-0.025146,1.407924,33.580243
1045,0,17,-0.057119,-0.026926,1.408687,33.580243
1045,0,21,-0.123145,0.010704,1.404110,33.580243
1045,0,22,-0.089722,0.007852,1.406720,33.580243
1045,0,23,-0.054909,0.006016,1.405344,33.580243
1050,0,0,-0.229597,-0.085709,1.433755,33.740914
1050,0,1,-0.195430,-0.088046,1.435264,33.740914
1050,0,8,-0.159096,-0.055720,1.434575,33.740914
1050,0,9,-0.125151,-0.057542,1.436169,33.740914
1050,0,10,-0.091057,-0.059263,1.436705,33.740914
1050,0,15,-0.123125,-0.023760,1.432490,33.740914
1050,0,16,-0.089357,-0.025387,1.433468,33.740914
1050,0,17,-0.055158,-0.027101,1.435685,33.740914
1050,0,18,-0.223126,0.015273,1.423964,33.740914
1050,0,21,-0.121477,0.010206,1.428369,33.740914
1055,0,2,-0.156941,-0.090905,1.457881,33.901585
1055,0,3,-0.123078,-0.092455,1.458833,33.901585
1055,0,4,-0.089472,-0.093900,1.460294,33.901585
1055,0,5,-0.055228,-0.096156,1.462754,33.901585
1055,0,6,-0.222556,-0.053049,1.450883,33.901585
1055,0,7,-0.188557,-0.055957,1.451311,33.901585
1055,0,8,-0.154618,-0.056439,1.452448,33.901585
1055,0,9,-0.121022,-0.058630,1.455753,33.901585
1055,0,10,-0.087011,-0.060295,1.456132,33.901585
1055,0,11,-0.053085,-0.062840,1.458604,33.901585
1055,0,12,-0.221169,-0.019504,1.447021,33.901585
1055,0,13,-0.187070,-0.021434,1.448928,33.901585
1055,0,14,-0.152853,-0.023398,1.450444,33.901585
1055,0,15,-0.119134,-0.024928,1.453590,33.901585
1055,0,16,-0.084990,-0.026804,1.453952,33.901585
1055,0,18,-0.219857,0.013644,1.445489,33.901585
1055,0,19,-0.185163,0.012378,1.445703,33.901585
1055,0,22,-0.084303,0.006589,1.449670,33.901585
1060,0,0,-0.221125,-0.087936,1.468824,34.062256
1060,0,3,-0.118434,-0.092437,1.473431,34.062256
1060,0,6,-0.218401,-0.053793,1.466176,34.062256
1060,0,9,-0.116759,-0.058446,1.469871,34.062256
1060,0,10,-0.082415,-0.059491,1.471532,34.062256
1060,0,11,-0.048384,-0.062053,1.472809,34.062256
1060,0,12,-0.217768,-0.019746,1.463758,34.062256
1060,0,13,-0.183294,-0.021536,1.464835,34.062256
1060,0,14,-0.149040,-0.023365,1.465984,34.062256
1060,0,15,-0.115141,-0.024512,1.467427,34.062256
1060,0,16,-0.081006,-0.026038,1.468968,34.062256
1060,0,17,-0.047084,-0.027339,1.471605,34.062256
1060,0,18,-0.216295,0.013180,1.461000,34.062256
1060,0,19,-0.181816,0.012122,1.461866,34.062256
1065,0,0,-0.217873,-0.089581,1.476198,34.222927
1065,0,5,-0.047157,-0.095790,1.482476,34.222927
1065,0,6,-0.215816,-0.056179,1.473491,34.222927
1065,0,11,-0.045483,-0.061873,1.480094,34.222927
1065,0,12,-0.214693,-0.022011,1.471782,34.222927
1065,0,15,-0.112592,-0.025668,1.475818,34.222927
1065,0,16,-0.078336,-0.026457,1.477022,34.222927
1065,0,17,-0.044270,-0.027625,1.478365,34.222927
1065,0,21,-0.111002,0.008271,1.472794,34.222927
1065,0,22,-0.077366,0.006967,1.476179,34.222927
1065,0,23,-0.042928,0.005561,1.475007,34.222927
1070,0,0,-0.214089,-0.090531,1.478210,34.383598
1070,0,1,-0.180171,-0.092333,1.477983,34.383598
1070,0,6,-0.211835,-0.056572,1.475757,34.383598
1070,0,7,-0.177789,-0.058526,1.476861,34.383598
1070,0,10,-0.076103,-0.061175,1.480462,34.383598
1070,0,11,-0.041874,-0.062960,1.481151,34.383598
1070,0,12,-0.211470,-0.022487,1.474150,34.383598
1070,0,13,-0.177341,-0.024252,1.474798,34.383598
1070,0,16,-0.074709,-0.027484,1.478486,34.383598
1070,0,17,-0.040972,-0.028217,1.479817,34.383598
1070,0,18,-0.210325,0.010680,1.473363,34.383598
1070,0,19,-0.175824,0.010144,1.474662,34.383598
1070,0,20,-0.142209,0.008284,1.474363,34.383598
1070,0,21,-0.108091,0.007767,1.475080,34.383598
1070,0,22,-0.074705,0.006029,1.476125,34.383598
1070,0,23,-0.039783,0.004851,1.476431,34.383598
1110,0,0,-0.208014,-0.090664,1.489747,35.668966
1110,0,1,-0.173508,-0.092008,1.488353,35.668966
1110,0,2,-0.139275,-0.093019,1.488055,35.668966
1110,0,18,-0.205365,0.010530,1.485377,35.668966
1110,0,21,-0.103051,0.008544,1.482914,35.668966
1110,0,22,-0.069923,0.006427,1.484812,35.668966
1110,0,23,-0.035089,0.006212,1.481173,35.668966
1115,0,0,-0.207941,-0.092076,1.492585,35.829637
1115,0,3,-0.105638,-0.095136,1.493110,35.829637
1115,0,6,-0.206679,-0.058322,1.489993,35.829637
1115,0,9,-0.104566,-0.060840,1.491987,35.829637
1115,0,10,-0.070964,-0.061977,1.488213,35.829637
1115,0,11,-0.036349,-0.063236,1.489973,35.829637
1115,0,13,-0.171850,-0.025389,1.489211,35.829637
1115,0,14,-0.137334,-0.026208,1.490082,35.829637
1115,0,15,-0.103613,-0.027082,1.490046,35.829637
1115,0,16,-0.069420,-0.027969,1.489494,35.829637
1115,0,19,-0.170405,0.008953,1.489397,35.829637
1115,0,20,-0.136842,0.007576,1.489465,35.829637
1115,0,21,-0.102776,0.007306,1.488071,35.829637
1115,0,22,-0.069165,0.005675,1.487773,35.829637
1120,0,6,-0.206454,-0.060203,1.495438,35.990308
1120,0,7,-0.172515,-0.061361,1.496757,35.990308
1120,0,10,-0.069960,-0.063551,1.498152,35.990308
1120,0,11,-0.035735,-0.065246,1.498039,35.990308
1120,0,12,-0.206244,-0.025923,1.494346,35.990308
1120,0,13,-0.171820,-0.027268,1.495856,35.990308
1120,0,16,-0.069078,-0.029760,1.496900,35.990308
1120,0,17,-0.035342,-0.030660,1.496706,35.990308
1120,0,18,-0.205224,0.007351,1.493176,35.990308
1120,0,19,-0.170643,0.006762,1.494005,35.990308
1120,0,20,-0.136523,0.005786,1.496224,35.990308
1120,0,21,-0.101977,0.004646,1.495813,35.990308
1120,0,22,-0.069224,0.003714,1.495147,35.990308
1120,0,23,-0.034424,0.002877,1.493963,35.990308
1125,0,6,-0.205933,-0.059841,1.497706,36.150979
1125,0,7,-0.171309,-0.061661,1.499097,36.150979
1125,0,8,-0.136988,-0.061396,1.500763,36.150979
1125,0,11,-0.034699,-0.065452,1.501258,36.150979
1125,0,12,-0.205683,-0.025493,1.497573,36.150979
1125,0,13,-0.171110,-0.027361,1.498468,36.150979
1125,0,14,-0.136716,-0.028114,1.499042,36.150979
1125,0,15,-0.102477,-0.028560,1.499167,36.150979
1125,0,16,-0.068229,-0.029747,1.500409,36.150979
1125,0,17,-0.034431,-0.030633,1.500107,36.150979
1125,0,18,-0.204291,0.007499,1.498809,36.150979
1125,0,19,-0.170172,0.006966,1.496619,36.150979
1125,0,20,-0.136201,0.005608,1.497839,36.150979
1125,0,21,-0.101480,0.005015,1.497901,36.150979
1125,0,22,-0.067780,0.003895,1.501015,36.150979
1125,0,23,-0.033327,0.002890,1.497583,36.150979
1130,0,6,-0.204260,-0.059042,1.494737,36.311650
1130,0,12,-0.204156,-0.025005,1.493168,36.311650
1130,0,13,-0.169922,-0.026528,1.493239,36.311650
1130,0,14,-0.135346,-0.027397,1.493061,36.311650
1130,0,15,-0.101638,-0.028129,1.493897,36.311650
1130,0,18,-0.203048,0.008339,1.492305,36.311650
1130,0,19,-0.168437,0.007326,1.492515,36.311650
1130,0,22,-0.067374,0.004394,1.492343,36.311650
1135,0,0,-0.205607,-0.092957,1.495555,36.472321
1135,0,1,-0.171188,-0.094575,1.496035,36.472321
1135,0,2,-0.136318,-0.095338,1.498400,36.472321
1135,0,5,-0.034469,-0.097582,1.498868,36.472321
1135,0,6,-0.203752,-0.059060,1.494353,36.472321
1135,0,7,-0.169498,-0.060918,1.494118,36.472321
1135,0,8,-0.135343,-0.060759,1.496056,36.472321
1135,0,11,-0.033512,-0.064102,1.496565,36.472321
1135,0,12,-0.203671,-0.025057,1.493058,36.472321
1135,0,15,-0.100813,-0.027891,1.495101,36.472321
1135,0,16,-0.066706,-0.028629,1.495057,36.472321
1135,0,17,-0.032829,-0.029575,1.495925,36.472321
1135,0,18,-0.202702,0.008364,1.492978,36.472321
1135,0,21,-0.100003,0.006263,1.493929,36.472321
1135,0,22,-0.066347,0.004676,1.494918,36.472321
1135,0,23,-0.031975,0.003960,1.492705,36.472321
1140,0,3,-0.102524,-0.095908,1.497491,36.632992
1140,0,9,-0.101082,-0.062282,1.496640,36.632992
1140,0,10,-0.067442,-0.062704,1.496212,36.632992
1140,0,11,-0.033247,-0.063987,1.497173,36.632992
1140,0,12,-0.203884,-0.024666,1.492721,36.632992
1140,0,13,-0.169264,-0.026366,1.493987,36.632992
1140,0,14,-0.134434,-0.027500,1.494439,36.632992
1140,0,15,-0.100814,-0.027926,1.495363,36.632992
1140,0,16,-0.066654,-0.028498,1.495450,36.632992
1140,0,17,-0.032946,-0.029380,1.494755,36.632992
1140,0,18,-0.202334,0.008509,1.493814,36.632992
1140,0,19,-0.167754,0.007543,1.493687,36.632992
1140,0,20,-0.134221,0.006474,1.494088,36.632992
1140,0,21,-0.100054,0.006222,1.493696,36.632992
1145,0,0,-0.205226,-0.092819,1.496145,36.793663
1145,0,6,-0.203310,-0.058842,1.494766,36.793663
1145,0,12,-0.203261,-0.024572,1.493545,36.793663
1145,0,13,-0.168609,-0.026041,1.494320,36.793663
1145,0,14,-0.134497,-0.026567,1.495128,36.793663
1145,0,15,-0.100367,-0.027769,1.494969,36.793663
1145,0,16,-0.066303,-0.028548,1.494900,36.793663
1145,0,17,-0.032433,-0.029295,1.496415,36.793663
1145,0,18,-0.202121,0.008474,1.493034,36.793663
1145,0,19,-0.167851,0.008052,1.493199,36.793663
1145,0,22,-0.066165,0.004848,1.494084,36.793663
1145,0,23,-0.031619,0.004545,1.493730,36.793663
1150,0,0,-0.204341,-0.092616,1.495601,36.954334
1150,0,5,-0.033340,-0.096836,1.497540,36.954334
1150,0,6,-0.203478,-0.058742,1.494083,36.954334
1150,0,11,-0.032566,-0.063622,1.495576,36.954334
1150,0,15,-0.099949,-0.027059,1.494603,36.954334
1150,0,16,-0.065932,-0.028220,1.494855,36.954334
1150,0,17,-0.032703,-0.029228,1.494387,36.954334
1150,0,21,-0.099453,0.006954,1.493262,36.954334
1150,0,22,-0.065545,0.005402,1.495499,36.954334
1150,0,23,-0.030996,0.004412,1.498279,36.954334
1155,0,0,-0.204691,-0.091836,1.494891,37.115005
1155,0,1,-0.170246,-0.093255,1.495317,37.115005
1155,0,2,-0.135683,-0.093730,1.498107,37.115005
1155,0,3,-0.101689,-0.094528,1.497104,37.115005
1155,0,6,-0.203030,-0.057835,1.492931,37.115005
1155,0,7,-0.168953,-0.059439,1.496411,37.115005
1155,0,10,-0.066748,-0.061435,1.497201,37.115005
1155,0,11,-0.032478,-0.062615,1.495551,37.115005
1155,0,12,-0.203029,-0.023371,1.493731,37.115005
1155,0,13,-0.168708,-0.025176,1.494265,37.115005
1155,0,17,-0.032414,-0.028143,1.494177,37.115005
1155,0,18,-0.202109,0.009561,1.492599,37.115005
1155,0,19,-0.167522,0.009062,1.492296,37.115005
1160,0,0,-0.204243,-0.091637,1.494593,37.275676
1160,0,1,-0.169622,-0.093191,1.494234,37.275676
1160,0,2,-0.134976,-0.093793,1.495817,37.275676
1160,0,3,-0.101089,-0.094686,1.496094,37.275676
1160,0,4,-0.067115,-0.095243,1.496017,37.275676
1160,0,5,-0.033426,-0.096228,1.497238,37.275676
1160,0,6,-0.202524,-0.057882,1.492199,37.275676
1160,0,7,-0.168069,-0.059809,1.492754,37.275676
1160,0,8,-0.133707,-0.059211,1.494074,37.275676
1160,0,9,-0.099962,-0.060526,1.495480,37.275676
1160,0,10,-0.066002,-0.060999,1.495249,37.275676
1160,0,11,-0.031858,-0.062497,1.495278,37.275676
1160,0,12,-0.202730,-0.023383,1.492145,37.275676
1160,0,15,-0.099621,-0.026476,1.493511,37.275676
1160,0,16,-0.065377,-0.027214,1.493340,37.275676
1160,0,17,-0.031333,-0.027839,1.494758,37.275676
1160,0,18,-0.201762,0.009581,1.490899,37.275676
1160,0,21,-0.098839,0.007866,1.492806,37.275676
1165,0,2,-0.135161,-0.093656,1.494344,37.436347
1165,0,3,-0.100610,-0.094402,1.495095,37.436347
1165,0,6,-0.201778,-0.057712,1.492154,37.436347
1165,0,7,-0.167775,-0.059730,1.492832,37.436347
1165,0,8,-0.133669,-0.059501,1.493968,37.436347
1165,0,9,-0.099633,-0.060628,1.493701,37.436347
1165,0,10,-0.065717,-0.060971,1.494803,37.436347
1165,0,11,-0.031532,-0.062792,1.492735,37.436347
1165,0,12,-0.201977,-0.023877,1.492056,37.436347
1165,0,15,-0.098822,-0.026121,1.492948,37.436347
1165,0,16,-0.065121,-0.027196,1.493004,37.436347
1165,0,17,-0.031281,-0.027977,1.493253,37.436347
1165,0,18,-0.201684,0.009155,1.488798,37.436347
1165,0,21,-0.098606,0.007700,1.492378,37.436347
1165,0,22,-0.064937,0.006349,1.492219,37.436347
1165,0,23,-0.030287,0.005441,1.491498,37.436347
1170,0,9,-0.098848,-0.060270,1.492130,37.597018
1170,0,10,-0.065397,-0.060985,1.491776,37.597018
1170,0,11,-0.030901,-0.061919,1.492342,37.597018
1170,0,12,-0.201883,-0.023034,1.488521,37.597018
1170,0,15,-0.098591,-0.025859,1.492068,37.597018
1170,0,16,-0.064624,-0.026377,1.490916,37.597018
1170,0,17,-0.030854,-0.027545,1.491534,37.597018
1170,0,18,-0.200829,0.009825,1.488408,37.597018
1170,0,21,-0.097984,0.008163,1.488606,37.597018
1175,0,0,-0.201622,-0.090974,1.490243,37.757689
1175,0,1,-0.167451,-0.092703,1.490358,37.757689
1175,0,2,-0.132302,-0.093504,1.490955,37.757689
1175,0,3,-0.099128,-0.093937,1.490923,37.757689
1175,0,4,-0.064994,-0.093960,1.492052,37.757689
1175,0,6,-0.200241,-0.057143,1.488884,37.757689
1175,0,7,-0.165622,-0.058896,1.488469,37.757689
1175,0,8,-0.131835,-0.058587,1.489909,37.757689
1175,0,9,-0.098241,-0.059641,1.488594,37.757689
1175,0,10,-0.064265,-0.060231,1.489365,37.757689
1175,0,12,-0.199876,-0.023079,1.487411,37.757689
1175,0,13,-0.165980,-0.024433,1.487696,37.757689
1175,0,14,-0.131294,-0.024962,1.488051,37.757689
1175,0,15,-0.097164,-0.025305,1.489866,37.757689
1175,0,16,-0.063434,-0.026104,1.488863,37.757689
1175,0,17,-0.029432,-0.027070,1.489924,37.757689
1175,0,18,-0.199093,0.010505,1.486964,37.757689
1175,0,19,-0.164650,0.009782,1.488206,37.757689
1175,0,20,-0.130854,0.009050,1.489426,37.757689
1175,0,21,-0.097062,0.008723,1.486680,37.757689
1175,0,22,-0.063056,0.007476,1.488822,37.757689
1175,0,23,-0.028361,0.006258,1.487622,37.757689
1180,0,0,-0.199539,-0.092282,1.486894,37.918360
1180,0,3,-0.096792,-0.094661,1.490157,37.918360
1180,0,4,-0.062725,-0.095022,1.488918,37.918360
1180,0,5,-0.028801,-0.095730,1.489260,37.918360
1180,0,6,-0.198066,-0.058409,1.486302,37.918360
1180,0,9,-0.095872,-0.060437,1.488849,37.918360
1180,0,10,-0.061515,-0.060892,1.489631,37.918360
1180,0,11,-0.027414,-0.062246,1.489496,37.918360
1180,0,12,-0.198081,-0.024148,1.486550,37.918360
1180,0,13,-0.163893,-0.025559,1.486250,37.918360
1180,0,14,-0.129230,-0.026089,1.486897,37.918360
1180,0,15,-0.095547,-0.026559,1.487112,37.918360
1180,0,16,-0.061143,-0.027158,1.488191,37.918360
1180,0,17,-0.027434,-0.027693,1.487716,37.918360
1180,0,18,-0.197071,0.009174,1.486122,37.918360
1180,0,19,-0.162761,0.008508,1.486045,37.918360
1180,0,20,-0.129391,0.007415,1.486486,37.918360
1180,0,21,-0.094884,0.007571,1.485800,37.918360
1180,0,22,-0.061172,0.006340,1.488049,37.918360
1180,0,23,-0.026298,0.005779,1.487013,37.918360
1185,0,2,-0.118468,-0.097298,1.488741,38.079031
1185,0,5,-0.016831,-0.097918,1.490366,38.079031
1185,0,11,-0.016150,-0.064663,1.487175,38.079031
1185,0,16,-0.049886,-0.029530,1.486698,38.079031
1185,0,18,-0.186241,0.005247,1.484326,38.079031
1185,0,21,-0.084046,0.005039,1.484882,38.079031
1185,0,22,-0.050758,0.003890,1.485545,38.079031
1255,0,5,0.204140,-0.306227,1.460767,40.328426
1255,0,6,0.032236,-0.279899,1.455635,40.328426
1255,0,12,0.029696,-0.246209,1.450487,40.328426
1255,0,18,0.028073,-0.214108,1.441933,40.328426
1260,0,3,0.134199,-0.314787,1.470065,40.489097
1260,0,4,0.168316,-0.312452,1.469291,40.489097
1260,0,5,0.202122,-0.310198,1.467583,40.489097
1260,0,12,0.026859,-0.252450,1.455810,40.489097
1260,0,18,0.025203,-0.219769,1.449002,40.489097
1260,0,21,0.128502,-0.213848,1.448158,40.489097
1265,0,2,0.110288,-0.309552,1.471647,40.649768
1265,0,8,0.108040,-0.275302,1.465140,40.649768
1265,0,14,0.105075,-0.242650,1.459519,40.649768
1265,0,15,0.138624,-0.239955,1.458965,40.649768
1265,0,16,0.172693,-0.237130,1.457273,40.649768
1265,0,17,0.206254,-0.234525,1.458100,40.649768
1265,0,20,0.101727,-0.209737,1.454205,40.649768
1265,0,21,0.136156,-0.206425,1.451990,40.649768
1310,0,21,-0.413794,-0.256524,1.798252,42.095807
1330,0,16,-0.317269,-0.318796,1.806355,42.738491
1330,0,17,-0.285201,-0.316739,1.796337,42.738491
1340,0,6,-0.446432,-0.351027,1.814022,43.059833
1340,0,12,-0.449722,-0.317226,1.812383,43.059833
1360,0,5,-0.347636,-0.391092,1.766096,43.702517
1895,0,9,0.090921,-0.127367,1.212879,60.894316
1895,0,12,-0.006843,-0.099124,1.182788,60.894316
1895,0,15,0.090124,-0.094290,1.206929,60.894316
1895,0,21,0.089737,-0.060697,1.203207,60.894316
1895,0,22,0.121923,-0.059202,1.212141,60.894316
1900,0,12,-0.003075,-0.099468,1.174348,61.054987
1905,0,15,0.098418,-0.095432,1.179577,61.215658
1905,0,16,0.131001,-0.093827,1.186224,61.215658
1910,0,12,0.003025,-0.099246,1.147976,61.376329
1910,0,13,0.036045,-0.098047,1.153999,61.376329
1910,0,18,0.002305,-0.065927,1.143457,61.376329
1910,0,19,0.035570,-0.064612,1.150122,61.376329
2210,0,6,-0.196231,-0.260899,1.952748,71.016590
2210,0,12,-0.190546,-0.226438,1.953301,71.016590
2210,0,13,-0.157069,-0.235061,1.955641,71.016590
2210,0,20,-0.116650,-0.207338,1.955448,71.016590
2210,0,21,-0.081772,-0.213286,1.955100,71.016590
2220,0,6,-0.179781,-0.279603,1.943327,71.337932
2220,0,12,-0.178444,-0.244286,1.942449,71.337932
3120,0,17,-0.485670,-0.332203,1.517284,100.258716
3190,0,11,-0.456085,-0.334412,1.480198,102.508110
3190,0,16,-0.488486,-0.297669,1.482780,102.508110
3190,0,22,-0.487752,-0.264799,1.484888,102.508110
3215,0,23,-0.438717,-0.244962,1.479091,103.311465
3235,0,21,-0.493149,-0.234122,1.465001,103.954149
3235,0,22,-0.459748,-0.233155,1.462822,103.954149
3250,0,23,-0.364774,-0.209353,1.438801,104.436162
3265,0,5,-0.274913,-0.277365,1.409399,104.918175
3275,0,9,-0.292037,-0.233990,1.395077,105.239517
3275,0,10,-0.258288,-0.231911,1.396551,105.239517
3275,0,11,-0.223712,-0.229279,1.396578,105.239517
3275,0,15,-0.294630,-0.200058,1.396389,105.239517
3275,0,16,-0.260606,-0.197513,1.397670,105.239517
3275,0,17,-0.226920,-0.195230,1.397790,105.239517
3275,0,21,-0.297187,-0.166003,1.397592,105.239517
3275,0,22,-0.263199,-0.163744,1.397365,105.239517
3275,0,23,-0.228477,-0.161476,1.397491,105.239517
3280,0,0,-0.375179,-0.272587,1.385159,105.400188
3280,0,5,-0.205312,-0.261115,1.386622,105.400188
3280,0,6,-0.377749,-0.238755,1.384242,105.400188
3280,0,11,-0.206299,-0.227150,1.388674,105.400188
3280,0,12,-0.379755,-0.204821,1.386258,105.400188
3280,0,13,-0.345694,-0.203045,1.388072,105.400188
3280,0,15,-0.277447,-0.197818,1.387543,105.400188
3280,0,16,-0.243183,-0.195318,1.388872,105.400188
3280,0,17,-0.209569,-0.193035,1.389137,105.400188
3280,0,18,-0.381945,-0.171378,1.387363,105.400188
3280,0,19,-0.347737,-0.168891,1.388376,105.400188
3280,0,20,-0.314358,-0.166977,1.388712,105.400188
3280,0,21,-0.279730,-0.163691,1.388607,105.400188
3280,0,22,-0.246173,-0.161988,1.390405,105.400188
3280,0,23,-0.211413,-0.159137,1.389635,105.400188
3285,0,3,-0.260603,-0.264233,1.369538,105.560859
3285,0,4,-0.226326,-0.261494,1.371605,105.560859
3285,0,5,-0.192374,-0.259374,1.372245,105.560859
3285,0,9,-0.263240,-0.229862,1.371273,105.560859
3285,0,10,-0.229339,-0.228368,1.372102,105.560859
3285,0,11,-0.194394,-0.225390,1.373000,105.560859
3285,0,12,-0.367851,-0.203211,1.369301,105.560859
3285,0,13,-0.333030,-0.201039,1.369650,105.560859
3285,0,14,-0.298783,-0.198878,1.370887,105.560859
3285,0,15,-0.265037,-0.196218,1.372464,105.560859
3285,0,16,-0.230851,-0.193877,1.372945,105.560859
3285,0,17,-0.197365,-0.191248,1.373934,105.560859
3285,0,18,-0.369408,-0.169836,1.370909,105.560859
3285,0,19,-0.335389,-0.167486,1.371386,105.560859
3285,0,20,-0.301670,-0.165195,1.373314,105.560859
3285,0,21,-0.267316,-0.162427,1.374171,105.560859
3285,0,22,-0.233693,-0.160306,1.376364,105.560859
3285,0,23,-0.199245,-0.157483,1.375668,105.560859
3290,0,6,-0.347914,-0.235015,1.347529,105.721530
3290,0,12,-0.350863,-0.200472,1.347833,105.721530
3295,0,0,-0.328635,-0.264195,1.330637,105.882201
3295,0,3,-0.226517,-0.255509,1.336208,105.882201
3295,0,4,-0.192415,-0.252477,1.337459,105.882201
3295,0,5,-0.158650,-0.249530,1.339731,105.882201
3295,0,6,-0.331464,-0.230406,1.328874,105.882201
3295,0,9,-0.229340,-0.221501,1.335368,105.882201
3295,0,10,-0.195665,-0.218771,1.336824,105.882201
3295,0,11,-0.161177,-0.215763,1.337418,105.882201
3295,0,12,-0.334895,-0.196050,1.329829,105.882201
3295,0,15,-0.232405,-0.187939,1.336409,105.882201
3295,0,16,-0.198283,-0.184593,1.337000,105.882201
3295,0,17,-0.164529,-0.181667,1.339217,105.882201
3295,0,18,-0.337209,-0.163123,1.330956,105.882201
3295,0,21,-0.235098,-0.153667,1.335387,105.882201
3295,0,22,-0.201622,-0.151053,1.336831,105.882201
3295,0,23,-0.167345,-0.147941,1.338408,105.882201
3300,0,0,-0.321825,-0.262690,1.314364,106.042872
3300,0,1,-0.287511,-0.260568,1.317552,106.042872
3300,0,2,-0.253450,-0.257852,1.320490,106.042872
3300,0,3,-0.219525,-0.255054,1.323200,106.042872
3300,0,4,-0.185488,-0.252179,1.325010,106.042872
3300,0,5,-0.152317,-0.249982,1.327003,106.042872
3300,0,8,-0.256172,-0.223722,1.319716,106.042872
3300,0,9,-0.222180,-0.221119,1.322740,106.042872
3300,0,10,-0.188428,-0.218524,1.325503,106.042872
3300,0,11,-0.154029,-0.215771,1.327574,106.042872
3300,0,15,-0.224640,-0.187168,1.323587,106.042872
3300,0,16,-0.191047,-0.184370,1.325685,106.042872
3300,0,17,-0.157226,-0.181671,1.327767,106.042872
3300,0,21,-0.227812,-0.153066,1.323032,106.042872
3300,0,22,-0.194106,-0.150861,1.325108,106.042872
3300,0,23,-0.159935,-0.147868,1.326920,106.042872
3305,0,0,-0.317422,-0.266460,1.297389,106.203543
3305,0,3,-0.216575,-0.259545,1.309474,106.203543
3305,0,4,-0.183041,-0.256579,1.312585,106.203543
3305,0,5,-0.148503,-0.254478,1.314435,106.203543
3305,0,6,-0.320918,-0.233275,1.302413,106.203543
3305,0,9,-0.219330,-0.225377,1.309422,106.203543
3305,0,10,-0.185241,-0.223322,1.312468,106.203543
3305,0,11,-0.150532,-0.221094,1.314644,106.203543
3305,0,12,-0.323495,-0.199286,1.304414,106.203543
3305,0,13,-0.289661,-0.196906,1.305770,106.203543
3305,0,15,-0.221313,-0.191708,1.310754,106.203543
3305,0,16,-0.187474,-0.189136,1.313631,106.203543
3305,0,17,-0.153674,-0.186751,1.315427,106.203543
3305,0,18,-0.325729,-0.165650,1.304216,106.203543
3305,0,19,-0.291834,-0.162927,1.306226,106.203543
3305,0,20,-0.257984,-0.160620,1.309468,106.203543
3305,0,21,-0.223879,-0.157812,1.311237,106.203543
3305,0,22,-0.190041,-0.155479,1.314298,106.203543
3305,0,23,-0.155613,-0.153073,1.315742,106.203543
3320,0,4,-0.106845,-0.264874,1.294585,106.685556
3320,0,5,-0.072736,-0.265028,1.296733,106.685556
3320,0,9,-0.141138,-0.231971,1.294825,106.685556
3320,0,14,-0.175649,-0.198631,1.293527,106.685556
3320,0,18,-0.244009,-0.166017,1.292137,106.685556
3320,0,19,-0.210110,-0.165179,1.294006,106.685556
3320,0,20,-0.176087,-0.165071,1.295244,106.685556
3320,0,23,-0.073730,-0.162651,1.297498,106.685556
3325,0,2,-0.153161,-0.269814,1.297780,106.846227
3325,0,3,-0.119234,-0.268470,1.298630,106.846227
3325,0,6,-0.222641,-0.238359,1.298129,106.846227
3325,0,7,-0.188148,-0.237650,1.298632,106.846227
3325,0,8,-0.154393,-0.235654,1.298778,106.846227
3325,0,9,-0.119933,-0.235050,1.299340,106.846227
3325,0,10,-0.086638,-0.233380,1.298953,106.846227
3325,0,11,-0.052035,-0.232277,1.299573,106.846227
3325,0,12,-0.223985,-0.204311,1.298911,106.846227
3325,0,17,-0.053935,-0.198201,1.300631,106.846227
3325,0,18,-0.225038,-0.170641,1.299515,106.846227
3330,0,0,-0.216790,-0.279043,1.304017,107.006898
3330,0,1,-0.182345,-0.278506,1.304200,107.006898
3330,0,2,-0.148764,-0.277131,1.303948,107.006898
3330,0,3,-0.114349,-0.276543,1.304491,107.006898
3330,0,4,-0.080249,-0.275333,1.305455,107.006898
3330,0,5,-0.046503,-0.274923,1.304550,107.006898
3330,0,6,-0.217313,-0.245324,1.303944,107.006898
3330,0,7,-0.183550,-0.244392,1.302306,107.006898
3330,0,8,-0.149418,-0.243509,1.303937,107.006898
3330,0,9,-0.115043,-0.242677,1.304765,107.006898
3330,0,10,-0.081422,-0.241825,1.304572,107.006898
3330,0,11,-0.046903,-0.240771,1.304058,107.006898
3330,0,12,-0.218691,-0.211189,1.304428,107.006898
3330,0,13,-0.184379,-0.210576,1.304788,107.006898
3330,0,14,-0.150201,-0.209670,1.304254,107.006898
3330,0,15,-0.115981,-0.208773,1.305936,107.006898
3330,0,16,-0.081759,-0.207849,1.305571,107.006898
3330,0,17,-0.047897,-0.206641,1.305457,107.006898
3330,0,18,-0.219309,-0.177662,1.305248,107.006898
3330,0,19,-0.185076,-0.176648,1.306289,107.006898
3330,0,20,-0.151533,-0.176350,1.305286,107.006898
3330,0,21,-0.117019,-0.174698,1.305621,107.006898
3330,0,22,-0.083417,-0.174158,1.305578,107.006898
3330,0,23,-0.048860,-0.172897,1.305016,107.006898
3335,0,1,-0.186169,-0.283262,1.300263,107.167569
3335,0,2,-0.151642,-0.283277,1.300975,107.167569
3335,0,3,-0.118111,-0.282682,1.302948,107.167569
3335,0,4,-0.083965,-0.282352,1.301544,107.167569
3335,0,7,-0.185893,-0.249401,1.300782,107.167569
3335,0,8,-0.152139,-0.249168,1.300865,107.167569
3335,0,9,-0.118009,-0.248775,1.301149,107.167569
3335,0,10,-0.084225,-0.248633,1.300879,107.167569
3335,0,11,-0.049551,-0.248483,1.301704,107.167569
3335,0,12,-0.220270,-0.215513,1.300421,107.167569
3335,0,13,-0.186495,-0.215388,1.299841,107.167569
3335,0,14,-0.151933,-0.215339,1.300326,107.167569
3335,0,15,-0.118433,-0.214925,1.299916,107.167569
3335,0,16,-0.084108,-0.214794,1.300346,107.167569
3335,0,17,-0.050462,-0.214374,1.300827,107.167569
3335,0,18,-0.220883,-0.181813,1.299320,107.167569
3335,0,19,-0.186496,-0.181365,1.299657,107.167569
3335,0,20,-0.152848,-0.181688,1.300225,107.167569
3335,0,21,-0.118485,-0.180681,1.299291,107.167569
3335,0,22,-0.084991,-0.180972,1.300177,107.167569
3335,0,23,-0.050782,-0.180308,1.303128,107.167569
3400,0,0,-0.291269,-0.290068,1.294854,109.256293
3400,0,1,-0.256832,-0.289285,1.293339,109.256293
3400,0,3,-0.188750,-0.286816,1.292431,109.256293
3400,0,6,-0.291787,-0.256223,1.293819,109.256293
3400,0,7,-0.257698,-0.255580,1.295055,109.256293
3400,0,10,-0.156214,-0.251377,1.292851,109.256293
3400,0,12,-0.293222,-0.222219,1.293934,109.256293
3400,0,16,-0.157273,-0.217755,1.291083,109.256293
3400,0,17,-0.123198,-0.216058,1.290947,109.256293
3400,0,18,-0.294444,-0.188390,1.294797,109.256293
3400,0,21,-0.192053,-0.184563,1.293062,109.256293
3400,0,22,-0.158574,-0.183846,1.292319,109.256293
3405,0,0,-0.294019,-0.289801,1.296307,109.416964
3405,0,1,-0.259973,-0.289109,1.297101,109.416964
3405,0,4,-0.157827,-0.285159,1.295937,109.416964
3405,0,5,-0.123575,-0.284547,1.296447,109.416964
3405,0,6,-0.295048,-0.255885,1.296378,109.416964
3405,0,7,-0.260880,-0.254989,1.296805,109.416964
3405,0,8,-0.226753,-0.253970,1.297018,109.416964
3405,0,9,-0.192899,-0.252458,1.296937,109.416964
3405,0,10,-0.158677,-0.251694,1.296333,109.416964
3405,0,11,-0.124574,-0.250362,1.295814,109.416964
3405,0,12,-0.296132,-0.221961,1.297824,109.416964
3405,0,13,-0.261970,-0.220893,1.296992,109.416964
3405,0,14,-0.227968,-0.219800,1.296408,109.416964
3405,0,15,-0.193895,-0.218653,1.295748,109.416964
3405,0,16,-0.159480,-0.217500,1.295763,109.416964
3405,0,17,-0.125719,-0.216205,1.296016,109.416964
3405,0,18,-0.297405,-0.188379,1.296679,109.416964
3405,0,19,-0.263072,-0.186771,1.298236,109.416964
3405,0,20,-0.229380,-0.186456,1.297183,109.416964
3405,0,21,-0.194889,-0.184729,1.296492,109.416964
3405,0,22,-0.161092,-0.183827,1.296988,109.416964
3405,0,23,-0.126605,-0.182607,1.296577,109.416964
